Left_side,Right_side,Support,Confidence,Lift
QUINOLONE,"METHICILLIN,BETA-LACTAM,MACROLIDE",0.09183673469387756,0.5625000000000001,5.011363636363638
"TETRACYCLINE,QUINOLONE","METHICILLIN,MACROLIDE",0.09183673469387756,0.5625000000000001,5.011363636363638
"TETRACYCLINE,QUINOLONE,BETA-LACTAM","METHICILLIN,MACROLIDE",0.09183673469387756,0.5625000000000001,5.011363636363638
QUINOLONE,"METHICILLIN,MACROLIDE",0.09183673469387756,0.5625000000000001,5.011363636363638
"QUINOLONE,BETA-LACTAM","METHICILLIN,MACROLIDE",0.09183673469387756,0.5625000000000001,5.011363636363638
"TETRACYCLINE,QUINOLONE","METHICILLIN,BETA-LACTAM,MACROLIDE",0.09183673469387756,0.5625000000000001,5.011363636363638
QUINOLONE,"TETRACYCLINE,METHICILLIN,BETA-LACTAM,MACROLIDE",0.09183673469387756,0.5625000000000001,5.011363636363638
"QUINOLONE,BETA-LACTAM","TETRACYCLINE,METHICILLIN,MACROLIDE",0.09183673469387756,0.5625000000000001,5.011363636363638
QUINOLONE,"TETRACYCLINE,METHICILLIN,MACROLIDE",0.09183673469387756,0.5625000000000001,5.011363636363638
"TETRACYCLINE,METHICILLIN,MACROLIDE","QUINOLONE,BETA-LACTAM",0.09183673469387756,0.8181818181818182,5.011363636363637
"METHICILLIN,MACROLIDE","TETRACYCLINE,QUINOLONE",0.09183673469387756,0.8181818181818182,5.011363636363637
"METHICILLIN,BETA-LACTAM,MACROLIDE",QUINOLONE,0.09183673469387756,0.8181818181818182,5.011363636363637
"TETRACYCLINE,METHICILLIN,BETA-LACTAM,MACROLIDE",QUINOLONE,0.09183673469387756,0.8181818181818182,5.011363636363637
"METHICILLIN,MACROLIDE","QUINOLONE,BETA-LACTAM",0.09183673469387756,0.8181818181818182,5.011363636363637
"METHICILLIN,MACROLIDE","TETRACYCLINE,QUINOLONE,BETA-LACTAM",0.09183673469387756,0.8181818181818182,5.011363636363637
"METHICILLIN,MACROLIDE",QUINOLONE,0.09183673469387756,0.8181818181818182,5.011363636363637
"METHICILLIN,BETA-LACTAM,MACROLIDE","TETRACYCLINE,QUINOLONE",0.09183673469387756,0.8181818181818182,5.011363636363637
"TETRACYCLINE,METHICILLIN,MACROLIDE",QUINOLONE,0.09183673469387756,0.8181818181818182,5.011363636363637
"TETRACYCLINE,QUINOLONE,METHICILLIN","BETA-LACTAM,MACROLIDE",0.09183673469387756,0.6428571428571429,4.2
"QUINOLONE,METHICILLIN,BETA-LACTAM","TETRACYCLINE,MACROLIDE",0.09183673469387756,0.6428571428571429,4.2
"TETRACYCLINE,BETA-LACTAM,MACROLIDE","METHICILLIN,QUINOLONE",0.09183673469387756,0.6,4.2
"QUINOLONE,METHICILLIN","TETRACYCLINE,BETA-LACTAM,MACROLIDE",0.09183673469387756,0.6428571428571429,4.2
"TETRACYCLINE,MACROLIDE","METHICILLIN,QUINOLONE,BETA-LACTAM",0.09183673469387756,0.6,4.2
MACROLIDE,"TETRACYCLINE,METHICILLIN,QUINOLONE,BETA-LACTAM",0.09183673469387756,0.6,4.2
"BETA-LACTAM,MACROLIDE","METHICILLIN,QUINOLONE",0.09183673469387756,0.6,4.2
"TETRACYCLINE,QUINOLONE,METHICILLIN,BETA-LACTAM",MACROLIDE,0.09183673469387756,0.6428571428571429,4.2
"QUINOLONE,METHICILLIN","BETA-LACTAM,MACROLIDE",0.09183673469387756,0.6428571428571429,4.2
MACROLIDE,"TETRACYCLINE,METHICILLIN,QUINOLONE",0.09183673469387756,0.6,4.2
MACROLIDE,"METHICILLIN,QUINOLONE,BETA-LACTAM",0.09183673469387756,0.6,4.2
"TETRACYCLINE,QUINOLONE,METHICILLIN",MACROLIDE,0.09183673469387756,0.6428571428571429,4.2
MACROLIDE,"METHICILLIN,QUINOLONE",0.09183673469387756,0.6,4.2
"QUINOLONE,METHICILLIN",MACROLIDE,0.09183673469387756,0.6428571428571429,4.2
"TETRACYCLINE,MACROLIDE","METHICILLIN,QUINOLONE",0.09183673469387756,0.6,4.2
"QUINOLONE,METHICILLIN","TETRACYCLINE,MACROLIDE",0.09183673469387756,0.6428571428571429,4.2
"BETA-LACTAM,MACROLIDE","TETRACYCLINE,METHICILLIN,QUINOLONE",0.09183673469387756,0.6,4.2
"QUINOLONE,METHICILLIN,BETA-LACTAM",MACROLIDE,0.09183673469387756,0.6428571428571429,4.2
"TETRACYCLINE,QUINOLONE,BETA-LACTAM",MACROLIDE,0.10204081632653061,0.6250000000000001,4.083333333333334
"QUINOLONE,BETA-LACTAM","TETRACYCLINE,MACROLIDE",0.10204081632653061,0.6250000000000001,4.083333333333334
"TETRACYCLINE,QUINOLONE",MACROLIDE,0.10204081632653061,0.6250000000000001,4.083333333333334
QUINOLONE,MACROLIDE,0.10204081632653061,0.6250000000000001,4.083333333333334
QUINOLONE,"TETRACYCLINE,MACROLIDE",0.10204081632653061,0.6250000000000001,4.083333333333334
"TETRACYCLINE,QUINOLONE","BETA-LACTAM,MACROLIDE",0.10204081632653061,0.6250000000000001,4.083333333333334
QUINOLONE,"TETRACYCLINE,BETA-LACTAM,MACROLIDE",0.10204081632653061,0.6250000000000001,4.083333333333334
QUINOLONE,"BETA-LACTAM,MACROLIDE",0.10204081632653061,0.6250000000000001,4.083333333333334
"QUINOLONE,BETA-LACTAM",MACROLIDE,0.10204081632653061,0.6250000000000001,4.083333333333334
"TETRACYCLINE,MACROLIDE","QUINOLONE,BETA-LACTAM",0.10204081632653061,0.6666666666666666,4.083333333333333
"TETRACYCLINE,MACROLIDE",QUINOLONE,0.10204081632653061,0.6666666666666666,4.083333333333333
MACROLIDE,QUINOLONE,0.10204081632653061,0.6666666666666666,4.083333333333333
MACROLIDE,"TETRACYCLINE,QUINOLONE,BETA-LACTAM",0.10204081632653061,0.6666666666666666,4.083333333333333
MACROLIDE,"QUINOLONE,BETA-LACTAM",0.10204081632653061,0.6666666666666666,4.083333333333333
"BETA-LACTAM,MACROLIDE",QUINOLONE,0.10204081632653061,0.6666666666666666,4.083333333333333
"BETA-LACTAM,MACROLIDE","TETRACYCLINE,QUINOLONE",0.10204081632653061,0.6666666666666666,4.083333333333333
"TETRACYCLINE,BETA-LACTAM,MACROLIDE",QUINOLONE,0.10204081632653061,0.6666666666666666,4.083333333333333
MACROLIDE,"TETRACYCLINE,QUINOLONE",0.10204081632653061,0.6666666666666666,4.083333333333333
"TETRACYCLINE,METHICILLIN","QUINOLONE,BETA-LACTAM,MACROLIDE",0.09183673469387756,0.32142857142857145,3.1500000000000004
"QUINOLONE,MACROLIDE","TETRACYCLINE,METHICILLIN,BETA-LACTAM",0.09183673469387756,0.9,3.1500000000000004
"QUINOLONE,BETA-LACTAM,MACROLIDE","TETRACYCLINE,METHICILLIN",0.09183673469387756,0.9,3.1500000000000004
"TETRACYCLINE,QUINOLONE,MACROLIDE",METHICILLIN,0.09183673469387756,0.9,3.1500000000000004
"TETRACYCLINE,METHICILLIN","QUINOLONE,MACROLIDE",0.09183673469387756,0.32142857142857145,3.1500000000000004
METHICILLIN,"TETRACYCLINE,QUINOLONE,BETA-LACTAM,MACROLIDE",0.09183673469387756,0.32142857142857145,3.1500000000000004
"METHICILLIN,BETA-LACTAM","TETRACYCLINE,QUINOLONE,MACROLIDE",0.09183673469387756,0.32142857142857145,3.1500000000000004
"QUINOLONE,MACROLIDE","TETRACYCLINE,METHICILLIN",0.09183673469387756,0.9,3.1500000000000004
METHICILLIN,"TETRACYCLINE,QUINOLONE,MACROLIDE",0.09183673469387756,0.32142857142857145,3.1500000000000004
"TETRACYCLINE,QUINOLONE,BETA-LACTAM,MACROLIDE",METHICILLIN,0.09183673469387756,0.9,3.1500000000000004
"QUINOLONE,BETA-LACTAM,MACROLIDE",METHICILLIN,0.09183673469387756,0.9,3.1500000000000004
METHICILLIN,"QUINOLONE,BETA-LACTAM,MACROLIDE",0.09183673469387756,0.32142857142857145,3.1500000000000004
"QUINOLONE,MACROLIDE","METHICILLIN,BETA-LACTAM",0.09183673469387756,0.9,3.1500000000000004
"METHICILLIN,BETA-LACTAM","QUINOLONE,MACROLIDE",0.09183673469387756,0.32142857142857145,3.1500000000000004
METHICILLIN,"QUINOLONE,MACROLIDE",0.09183673469387756,0.32142857142857145,3.1500000000000004
"TETRACYCLINE,QUINOLONE,MACROLIDE","METHICILLIN,BETA-LACTAM",0.09183673469387756,0.9,3.1500000000000004
"TETRACYCLINE,METHICILLIN,BETA-LACTAM","QUINOLONE,MACROLIDE",0.09183673469387756,0.32142857142857145,3.1500000000000004
"QUINOLONE,MACROLIDE",METHICILLIN,0.09183673469387756,0.9,3.1500000000000004
METHICILLIN,QUINOLONE,0.14285714285714285,0.5,3.0625000000000004
METHICILLIN,"QUINOLONE,BETA-LACTAM",0.14285714285714285,0.5,3.0625000000000004
"TETRACYCLINE,METHICILLIN","QUINOLONE,BETA-LACTAM",0.14285714285714285,0.5,3.0625000000000004
"TETRACYCLINE,METHICILLIN,BETA-LACTAM",QUINOLONE,0.14285714285714285,0.5,3.0625000000000004
METHICILLIN,"TETRACYCLINE,QUINOLONE,BETA-LACTAM",0.14285714285714285,0.5,3.0625000000000004
"METHICILLIN,BETA-LACTAM","TETRACYCLINE,QUINOLONE",0.14285714285714285,0.5,3.0625000000000004
METHICILLIN,"TETRACYCLINE,QUINOLONE",0.14285714285714285,0.5,3.0625000000000004
"TETRACYCLINE,METHICILLIN",QUINOLONE,0.14285714285714285,0.5,3.0625000000000004
"METHICILLIN,BETA-LACTAM",QUINOLONE,0.14285714285714285,0.5,3.0625000000000004
QUINOLONE,METHICILLIN,0.14285714285714285,0.875,3.0625
QUINOLONE,"TETRACYCLINE,METHICILLIN,BETA-LACTAM",0.14285714285714285,0.875,3.0625
"QUINOLONE,BETA-LACTAM","TETRACYCLINE,METHICILLIN",0.14285714285714285,0.875,3.0625
"QUINOLONE,BETA-LACTAM",METHICILLIN,0.14285714285714285,0.875,3.0625
QUINOLONE,"TETRACYCLINE,METHICILLIN",0.14285714285714285,0.875,3.0625
QUINOLONE,"METHICILLIN,BETA-LACTAM",0.14285714285714285,0.875,3.0625
"TETRACYCLINE,QUINOLONE","METHICILLIN,BETA-LACTAM",0.14285714285714285,0.875,3.0625
"TETRACYCLINE,QUINOLONE,BETA-LACTAM",METHICILLIN,0.14285714285714285,0.875,3.0625
"TETRACYCLINE,QUINOLONE",METHICILLIN,0.14285714285714285,0.875,3.0625
"METHICILLIN,BETA-LACTAM","TETRACYCLINE,MACROLIDE",0.11224489795918367,0.3928571428571429,2.566666666666667
"TETRACYCLINE,METHICILLIN","BETA-LACTAM,MACROLIDE",0.11224489795918367,0.3928571428571429,2.566666666666667
METHICILLIN,MACROLIDE,0.11224489795918367,0.3928571428571429,2.566666666666667
"METHICILLIN,BETA-LACTAM",MACROLIDE,0.11224489795918367,0.3928571428571429,2.566666666666667
METHICILLIN,"TETRACYCLINE,BETA-LACTAM,MACROLIDE",0.11224489795918367,0.3928571428571429,2.566666666666667
"TETRACYCLINE,METHICILLIN,BETA-LACTAM",MACROLIDE,0.11224489795918367,0.3928571428571429,2.566666666666667
METHICILLIN,"TETRACYCLINE,MACROLIDE",0.11224489795918367,0.3928571428571429,2.566666666666667
METHICILLIN,"BETA-LACTAM,MACROLIDE",0.11224489795918367,0.3928571428571429,2.566666666666667
"TETRACYCLINE,METHICILLIN",MACROLIDE,0.11224489795918367,0.3928571428571429,2.566666666666667
MACROLIDE,METHICILLIN,0.11224489795918367,0.7333333333333333,2.5666666666666664
"TETRACYCLINE,MACROLIDE","METHICILLIN,BETA-LACTAM",0.11224489795918367,0.7333333333333333,2.5666666666666664
"TETRACYCLINE,BETA-LACTAM,MACROLIDE",METHICILLIN,0.11224489795918367,0.7333333333333333,2.5666666666666664
"TETRACYCLINE,MACROLIDE",METHICILLIN,0.11224489795918367,0.7333333333333333,2.5666666666666664
MACROLIDE,"TETRACYCLINE,METHICILLIN,BETA-LACTAM",0.11224489795918367,0.7333333333333333,2.5666666666666664
MACROLIDE,"METHICILLIN,BETA-LACTAM",0.11224489795918367,0.7333333333333333,2.5666666666666664
MACROLIDE,"TETRACYCLINE,METHICILLIN",0.11224489795918367,0.7333333333333333,2.5666666666666664
"BETA-LACTAM,MACROLIDE",METHICILLIN,0.11224489795918367,0.7333333333333333,2.5666666666666664
"BETA-LACTAM,MACROLIDE","TETRACYCLINE,METHICILLIN",0.11224489795918367,0.7333333333333333,2.5666666666666664
BETA-LACTAM,"TETRACYCLINE,MACROLIDE",0.15306122448979592,0.15789473684210528,1.0315789473684212
BETA-LACTAM,MACROLIDE,0.15306122448979592,0.15789473684210528,1.0315789473684212
"TETRACYCLINE,BETA-LACTAM",QUINOLONE,0.16326530612244897,0.16842105263157894,1.0315789473684212
METHICILLIN,"TETRACYCLINE,BETA-LACTAM",0.2857142857142857,1.0,1.0315789473684212
"TETRACYCLINE,BETA-LACTAM",MACROLIDE,0.15306122448979592,0.15789473684210528,1.0315789473684212
"QUINOLONE,METHICILLIN",BETA-LACTAM,0.14285714285714285,1.0,1.0315789473684212
MACROLIDE,BETA-LACTAM,0.15306122448979592,1.0,1.0315789473684212
BETA-LACTAM,QUINOLONE,0.16326530612244897,0.16842105263157894,1.0315789473684212
QUINOLONE,"TETRACYCLINE,BETA-LACTAM",0.16326530612244897,1.0,1.0315789473684212
"METHICILLIN,MACROLIDE",BETA-LACTAM,0.11224489795918367,1.0,1.0315789473684212
BETA-LACTAM,"METHICILLIN,MACROLIDE",0.11224489795918367,0.11578947368421053,1.0315789473684212
BETA-LACTAM,"TETRACYCLINE,QUINOLONE",0.16326530612244897,0.16842105263157894,1.0315789473684212
"FOSFOMYCIN,METHICILLIN",BETA-LACTAM,0.14285714285714285,1.0,1.0315789473684212
"TETRACYCLINE,METHICILLIN",BETA-LACTAM,0.2857142857142857,1.0,1.0315789473684212
MACROLIDE,"TETRACYCLINE,BETA-LACTAM",0.15306122448979592,1.0,1.0315789473684212
"TETRACYCLINE,MACROLIDE",BETA-LACTAM,0.15306122448979592,1.0,1.0315789473684212
"QUINOLONE,MACROLIDE",BETA-LACTAM,0.10204081632653061,1.0,1.0315789473684212
QUINOLONE,BETA-LACTAM,0.16326530612244897,1.0,1.0315789473684212
BETA-LACTAM,"QUINOLONE,MACROLIDE",0.10204081632653061,0.10526315789473685,1.0315789473684212
"TETRACYCLINE,QUINOLONE",BETA-LACTAM,0.16326530612244897,1.0,1.0315789473684212
BETA-LACTAM,"TETRACYCLINE,METHICILLIN,MACROLIDE",0.11224489795918367,0.11578947368421053,1.0315789473684212
"TETRACYCLINE,BETA-LACTAM","QUINOLONE,MACROLIDE",0.10204081632653061,0.10526315789473685,1.0315789473684212
"TETRACYCLINE,QUINOLONE,MACROLIDE",BETA-LACTAM,0.10204081632653061,1.0,1.0315789473684212
"QUINOLONE,METHICILLIN,MACROLIDE","TETRACYCLINE,BETA-LACTAM",0.09183673469387756,1.0,1.0315789473684212
"TETRACYCLINE,QUINOLONE,METHICILLIN",BETA-LACTAM,0.14285714285714285,1.0,1.0315789473684212
"QUINOLONE,METHICILLIN","TETRACYCLINE,BETA-LACTAM",0.14285714285714285,1.0,1.0315789473684212
"QUINOLONE,METHICILLIN,MACROLIDE",BETA-LACTAM,0.09183673469387756,1.0,1.0315789473684212
"QUINOLONE,MACROLIDE","TETRACYCLINE,BETA-LACTAM",0.10204081632653061,1.0,1.0315789473684212
"TETRACYCLINE,METHICILLIN,MACROLIDE",BETA-LACTAM,0.11224489795918367,1.0,1.0315789473684212
"FOSFOMYCIN,METHICILLIN","TETRACYCLINE,BETA-LACTAM",0.14285714285714285,1.0,1.0315789473684212
"FOSFOMYCIN,TETRACYCLINE,METHICILLIN",BETA-LACTAM,0.14285714285714285,1.0,1.0315789473684212
"METHICILLIN,MACROLIDE","TETRACYCLINE,BETA-LACTAM",0.11224489795918367,1.0,1.0315789473684212
"TETRACYCLINE,BETA-LACTAM","METHICILLIN,MACROLIDE",0.11224489795918367,0.11578947368421053,1.0315789473684212
BETA-LACTAM,"TETRACYCLINE,QUINOLONE,MACROLIDE",0.10204081632653061,0.10526315789473685,1.0315789473684212
"TETRACYCLINE,QUINOLONE,METHICILLIN,MACROLIDE",BETA-LACTAM,0.09183673469387756,1.0,1.0315789473684212
METHICILLIN,BETA-LACTAM,0.2857142857142857,1.0,1.0315789473684212
BETA-LACTAM,METHICILLIN,0.2857142857142857,0.29473684210526313,1.031578947368421
BETA-LACTAM,"FOSFOMYCIN,TETRACYCLINE,METHICILLIN",0.14285714285714285,0.14736842105263157,1.031578947368421
BETA-LACTAM,"FOSFOMYCIN,METHICILLIN",0.14285714285714285,0.14736842105263157,1.031578947368421
"TETRACYCLINE,BETA-LACTAM","FOSFOMYCIN,METHICILLIN",0.14285714285714285,0.14736842105263157,1.031578947368421
BETA-LACTAM,"TETRACYCLINE,METHICILLIN",0.2857142857142857,0.29473684210526313,1.031578947368421
"TETRACYCLINE,BETA-LACTAM","METHICILLIN,QUINOLONE",0.14285714285714285,0.14736842105263157,1.031578947368421
BETA-LACTAM,"TETRACYCLINE,METHICILLIN,QUINOLONE,MACROLIDE",0.09183673469387756,0.09473684210526316,1.031578947368421
BETA-LACTAM,"METHICILLIN,QUINOLONE",0.14285714285714285,0.14736842105263157,1.031578947368421
BETA-LACTAM,"TETRACYCLINE,METHICILLIN,QUINOLONE",0.14285714285714285,0.14736842105263157,1.031578947368421
"TETRACYCLINE,BETA-LACTAM","METHICILLIN,QUINOLONE,MACROLIDE",0.09183673469387756,0.09473684210526316,1.031578947368421
"TETRACYCLINE,BETA-LACTAM",METHICILLIN,0.2857142857142857,0.29473684210526313,1.031578947368421
BETA-LACTAM,"METHICILLIN,QUINOLONE,MACROLIDE",0.09183673469387756,0.09473684210526316,1.031578947368421
,"TETRACYCLINE,METHICILLIN,BETA-LACTAM,MACROLIDE",0.11224489795918367,0.11224489795918367,1.0
,"TETRACYCLINE,METHICILLIN,QUINOLONE",0.14285714285714285,0.14285714285714285,1.0
,FOSFOMYCIN,0.8061224489795918,0.8061224489795918,1.0
"FOSFOMYCIN,METHICILLIN,BETA-LACTAM",TETRACYCLINE,0.14285714285714285,1.0,1.0
,"TETRACYCLINE,METHICILLIN,MACROLIDE",0.11224489795918367,0.11224489795918367,1.0
,"METHICILLIN,QUINOLONE,MACROLIDE",0.09183673469387756,0.09183673469387756,1.0
TETRACYCLINE,"METHICILLIN,QUINOLONE",0.14285714285714285,0.14285714285714285,1.0
"QUINOLONE,METHICILLIN",TETRACYCLINE,0.14285714285714285,1.0,1.0
TETRACYCLINE,"FOSFOMYCIN,BETA-LACTAM",0.7755102040816326,0.7755102040816326,1.0
TETRACYCLINE,"FOSFOMYCIN,METHICILLIN",0.14285714285714285,0.14285714285714285,1.0
,"FOSFOMYCIN,TETRACYCLINE,METHICILLIN,BETA-LACTAM",0.14285714285714285,0.14285714285714285,1.0
"FOSFOMYCIN,BETA-LACTAM",TETRACYCLINE,0.7755102040816326,1.0,1.0
,"QUINOLONE,METHICILLIN,BETA-LACTAM,MACROLIDE",0.09183673469387756,0.09183673469387756,1.0
,"FOSFOMYCIN,TETRACYCLINE,METHICILLIN",0.14285714285714285,0.14285714285714285,1.0
"QUINOLONE,BETA-LACTAM",TETRACYCLINE,0.16326530612244897,1.0,1.0
TETRACYCLINE,"QUINOLONE,BETA-LACTAM",0.16326530612244897,0.16326530612244897,1.0
,"TETRACYCLINE,QUINOLONE,BETA-LACTAM",0.16326530612244897,0.16326530612244897,1.0
TETRACYCLINE,"FOSFOMYCIN,METHICILLIN,BETA-LACTAM",0.14285714285714285,0.14285714285714285,1.0
,"QUINOLONE,BETA-LACTAM,MACROLIDE",0.10204081632653061,0.10204081632653061,1.0
,"TETRACYCLINE,QUINOLONE,BETA-LACTAM,MACROLIDE",0.10204081632653061,0.10204081632653061,1.0
TETRACYCLINE,"BETA-LACTAM,MACROLIDE",0.15306122448979592,0.15306122448979592,1.0
TETRACYCLINE,"METHICILLIN,MACROLIDE",0.11224489795918367,0.11224489795918367,1.0
TETRACYCLINE,"METHICILLIN,BETA-LACTAM,MACROLIDE",0.11224489795918367,0.11224489795918367,1.0
"QUINOLONE,BETA-LACTAM,MACROLIDE",TETRACYCLINE,0.10204081632653061,1.0,1.0
,"TETRACYCLINE,BETA-LACTAM,MACROLIDE",0.15306122448979592,0.15306122448979592,1.0
,"TETRACYCLINE,QUINOLONE,METHICILLIN,BETA-LACTAM",0.14285714285714285,0.14285714285714285,1.0
TETRACYCLINE,"QUINOLONE,BETA-LACTAM,MACROLIDE",0.10204081632653061,0.10204081632653061,1.0
,"METHICILLIN,BETA-LACTAM,MACROLIDE",0.11224489795918367,0.11224489795918367,1.0
"QUINOLONE,MACROLIDE",TETRACYCLINE,0.10204081632653061,1.0,1.0
"BETA-LACTAM,MACROLIDE",TETRACYCLINE,0.15306122448979592,1.0,1.0
"METHICILLIN,BETA-LACTAM,MACROLIDE",TETRACYCLINE,0.11224489795918367,1.0,1.0
,"METHICILLIN,QUINOLONE,BETA-LACTAM",0.14285714285714285,0.14285714285714285,1.0
,"TETRACYCLINE,METHICILLIN,BETA-LACTAM",0.2857142857142857,0.2857142857142857,1.0
"METHICILLIN,MACROLIDE",TETRACYCLINE,0.11224489795918367,1.0,1.0
TETRACYCLINE,"METHICILLIN,BETA-LACTAM",0.2857142857142857,0.2857142857142857,1.0
,BETA-LACTAM,0.9693877551020408,0.9693877551020408,1.0
TETRACYCLINE,"QUINOLONE,MACROLIDE",0.10204081632653061,0.10204081632653061,1.0
"FOSFOMYCIN,METHICILLIN",TETRACYCLINE,0.14285714285714285,1.0,1.0
,"TETRACYCLINE,MACROLIDE",0.15306122448979592,0.15306122448979592,1.0
"METHICILLIN,BETA-LACTAM",TETRACYCLINE,0.2857142857142857,1.0,1.0
TETRACYCLINE,MACROLIDE,0.15306122448979592,0.15306122448979592,1.0
,MACROLIDE,0.15306122448979592,0.15306122448979592,1.0
TETRACYCLINE,BETA-LACTAM,0.9693877551020408,0.9693877551020408,1.0
,"TETRACYCLINE,METHICILLIN",0.2857142857142857,0.2857142857142857,1.0
,"TETRACYCLINE,QUINOLONE,MACROLIDE",0.10204081632653061,0.10204081632653061,1.0
METHICILLIN,TETRACYCLINE,0.2857142857142857,1.0,1.0
,"FOSFOMYCIN,TETRACYCLINE,BETA-LACTAM",0.7755102040816326,0.7755102040816326,1.0
,"TETRACYCLINE,QUINOLONE",0.16326530612244897,0.16326530612244897,1.0
TETRACYCLINE,QUINOLONE,0.16326530612244897,0.16326530612244897,1.0
,QUINOLONE,0.16326530612244897,0.16326530612244897,1.0
TETRACYCLINE,"METHICILLIN,QUINOLONE,BETA-LACTAM",0.14285714285714285,0.14285714285714285,1.0
,"TETRACYCLINE,QUINOLONE,METHICILLIN,MACROLIDE",0.09183673469387756,0.09183673469387756,1.0
QUINOLONE,TETRACYCLINE,0.16326530612244897,1.0,1.0
,"FOSFOMYCIN,METHICILLIN,BETA-LACTAM",0.14285714285714285,0.14285714285714285,1.0
TETRACYCLINE,"METHICILLIN,QUINOLONE,MACROLIDE",0.09183673469387756,0.09183673469387756,1.0
"QUINOLONE,METHICILLIN,BETA-LACTAM,MACROLIDE",TETRACYCLINE,0.09183673469387756,1.0,1.0
TETRACYCLINE,METHICILLIN,0.2857142857142857,0.2857142857142857,1.0
,METHICILLIN,0.2857142857142857,0.2857142857142857,1.0
"QUINOLONE,METHICILLIN,BETA-LACTAM",TETRACYCLINE,0.14285714285714285,1.0,1.0
,"TETRACYCLINE,BETA-LACTAM",0.9693877551020408,0.9693877551020408,1.0
,"FOSFOMYCIN,METHICILLIN",0.14285714285714285,0.14285714285714285,1.0
MACROLIDE,TETRACYCLINE,0.15306122448979592,1.0,1.0
,"QUINOLONE,MACROLIDE",0.10204081632653061,0.10204081632653061,1.0
,"METHICILLIN,MACROLIDE",0.11224489795918367,0.11224489795918367,1.0
,"TETRACYCLINE,QUINOLONE,METHICILLIN,BETA-LACTAM,MACROLIDE",0.09183673469387756,0.09183673469387756,1.0
TETRACYCLINE,FOSFOMYCIN,0.8061224489795918,0.8061224489795918,1.0
,"FOSFOMYCIN,TETRACYCLINE",0.8061224489795918,0.8061224489795918,1.0
FOSFOMYCIN,TETRACYCLINE,0.8061224489795918,1.0,1.0
TETRACYCLINE,"METHICILLIN,QUINOLONE,BETA-LACTAM,MACROLIDE",0.09183673469387756,0.09183673469387756,1.0
BETA-LACTAM,TETRACYCLINE,0.9693877551020408,1.0,1.0
"QUINOLONE,METHICILLIN,MACROLIDE",TETRACYCLINE,0.09183673469387756,1.0,1.0
,"QUINOLONE,BETA-LACTAM",0.16326530612244897,0.16326530612244897,1.0
,"METHICILLIN,BETA-LACTAM",0.2857142857142857,0.2857142857142857,1.0
,"BETA-LACTAM,MACROLIDE",0.15306122448979592,0.15306122448979592,1.0
,"FOSFOMYCIN,BETA-LACTAM",0.7755102040816326,0.7755102040816326,1.0
,"METHICILLIN,QUINOLONE",0.14285714285714285,0.14285714285714285,1.0
,TETRACYCLINE,1.0,1.0,1.0
BETA-LACTAM,FOSFOMYCIN,0.7755102040816326,0.8,0.9924050632911393
"TETRACYCLINE,BETA-LACTAM",FOSFOMYCIN,0.7755102040816326,0.8,0.9924050632911393
BETA-LACTAM,"FOSFOMYCIN,TETRACYCLINE",0.7755102040816326,0.8,0.9924050632911393
"FOSFOMYCIN,TETRACYCLINE",BETA-LACTAM,0.7755102040816326,0.9620253164556961,0.9924050632911392
FOSFOMYCIN,BETA-LACTAM,0.7755102040816326,0.9620253164556961,0.9924050632911392
FOSFOMYCIN,"TETRACYCLINE,BETA-LACTAM",0.7755102040816326,0.9620253164556961,0.9924050632911392
METHICILLIN,"FOSFOMYCIN,TETRACYCLINE,BETA-LACTAM",0.14285714285714285,0.5,0.6447368421052632
"TETRACYCLINE,METHICILLIN","FOSFOMYCIN,BETA-LACTAM",0.14285714285714285,0.5,0.6447368421052632
"FOSFOMYCIN,TETRACYCLINE,BETA-LACTAM",METHICILLIN,0.14285714285714285,0.18421052631578946,0.6447368421052632
"FOSFOMYCIN,BETA-LACTAM",METHICILLIN,0.14285714285714285,0.18421052631578946,0.6447368421052632
METHICILLIN,"FOSFOMYCIN,BETA-LACTAM",0.14285714285714285,0.5,0.6447368421052632
"FOSFOMYCIN,BETA-LACTAM","TETRACYCLINE,METHICILLIN",0.14285714285714285,0.18421052631578946,0.6447368421052632
FOSFOMYCIN,METHICILLIN,0.14285714285714285,0.17721518987341772,0.6202531645569621
"FOSFOMYCIN,TETRACYCLINE","METHICILLIN,BETA-LACTAM",0.14285714285714285,0.17721518987341772,0.6202531645569621
FOSFOMYCIN,"TETRACYCLINE,METHICILLIN",0.14285714285714285,0.17721518987341772,0.6202531645569621
"FOSFOMYCIN,TETRACYCLINE",METHICILLIN,0.14285714285714285,0.17721518987341772,0.6202531645569621
FOSFOMYCIN,"TETRACYCLINE,METHICILLIN,BETA-LACTAM",0.14285714285714285,0.17721518987341772,0.6202531645569621
FOSFOMYCIN,"METHICILLIN,BETA-LACTAM",0.14285714285714285,0.17721518987341772,0.6202531645569621
"TETRACYCLINE,METHICILLIN",FOSFOMYCIN,0.14285714285714285,0.5,0.620253164556962
"METHICILLIN,BETA-LACTAM",FOSFOMYCIN,0.14285714285714285,0.5,0.620253164556962
"METHICILLIN,BETA-LACTAM","FOSFOMYCIN,TETRACYCLINE",0.14285714285714285,0.5,0.620253164556962
METHICILLIN,FOSFOMYCIN,0.14285714285714285,0.5,0.620253164556962
"TETRACYCLINE,METHICILLIN,BETA-LACTAM",FOSFOMYCIN,0.14285714285714285,0.5,0.620253164556962
METHICILLIN,"FOSFOMYCIN,TETRACYCLINE",0.14285714285714285,0.5,0.620253164556962
